Pt,Gene,Sequence,Peptide pulsed autologous APC,Minigene expressing autologous B cell,Autoloogus tumor,,,,,,,,,,,,,,,,,,,,,,,,,,,,,,,,,,,,,,,,,
6,PISD,AAQARLQPV,0,n.d.,n.d.,,,,,,,,,,,,,,,,,,,,,,,,,,,,,,,,,,,,,,,,,
1,ARHGEF15,ALFASRPRF,0,n.d.,n.d.,,,,,,,,,,,,,,,,,,,,,,,,,,,,,,,,,,,,,,,,,
5,FIGN,ALPQSILLF,0,n.d.,n.d.,,,,,,,,,,,,,,,,,,,,,,,,,,,,,,,,,,,,,,,,,
3,FAM190A,ALQSQSISL,0,n.d.,n.d.,,,,,,,,,,,,,,,,,,,,,,,,,,,,,,,,,,,,,,,,,
3,FAM190A,ALQSQSISLV,0,n.d.,n.d.,,,,,,,,,,,,,,,,,,,,,,,,,,,,,,,,,,,,,,,,,
3,KCNC3,ALSPDGSIRK,0,n.d.,n.d.,,,,,,,,,,,,,,,,,,,,,,,,,,,,,,,,,,,,,,,,,
5,ZMIZ2,APSPGQPPAL,0,n.d.,n.d.,,,,,,,,,,,,,,,,,,,,,,,,,,,,,,,,,,,,,,,,,
4,ABCB5,DEQIESMTY,0,n.d.,n.d.,,,,,,,,,,,,,,,,,,,,,,,,,,,,,,,,,,,,,,,,,
6,FAM50B,DMKARQKAL,0,n.d.,n.d.,,,,,,,,,,,,,,,,,,,,,,,,,,,,,,,,,,,,,,,,,
5,CASC1,DYVSALHPV,0,n.d.,n.d.,,,,,,,,,,,,,,,,,,,,,,,,,,,,,,,,,,,,,,,,,
4,TNR,EEFWLVDLL,0,n.d.,n.d.,,,,,,,,,,,,,,,,,,,,,,,,,,,,,,,,,,,,,,,,,
4,TNR,EEFWLVDLLP,0,n.d.,n.d.,,,,,,,,,,,,,,,,,,,,,,,,,,,,,,,,,,,,,,,,,
4,ATF7IP,EELSATVPS,0,n.d.,n.d.,,,,,,,,,,,,,,,,,,,,,,,,,,,,,,,,,,,,,,,,,
4,ATF7IP,EELSATVPSQ,0,n.d.,n.d.,,,,,,,,,,,,,,,,,,,,,,,,,,,,,,,,,,,,,,,,,
4,RPTOR,EESGGAVAFF,0,n.d.,n.d.,,,,,,,,,,,,,,,,,,,,,,,,,,,,,,,,,,,,,,,,,
6,SMC4,EISDRFIGI,0,n.d.,n.d.,,,,,,,,,,,,,,,,,,,,,,,,,,,,,,,,,,,,,,,,,
6,SMC4,EISDRFIGIY,0,n.d.,n.d.,,,,,,,,,,,,,,,,,,,,,,,,,,,,,,,,,,,,,,,,,
6,DNMT3A,EMKRVFGFPV,0,n.d.,n.d.,,,,,,,,,,,,,,,,,,,,,,,,,,,,,,,,,,,,,,,,,
6,TBX10,ESDLNSWPV,0,n.d.,n.d.,,,,,,,,,,,,,,,,,,,,,,,,,,,,,,,,,,,,,,,,,
4,RPTOR,ESGGAVAFF,0,n.d.,n.d.,,,,,,,,,,,,,,,,,,,,,,,,,,,,,,,,,,,,,,,,,
6,EEA1,ESIKEITNF,0,n.d.,n.d.,,,,,,,,,,,,,,,,,,,,,,,,,,,,,,,,,,,,,,,,,
6,EEA1,ESIKEITNFK,0,n.d.,n.d.,,,,,,,,,,,,,,,,,,,,,,,,,,,,,,,,,,,,,,,,,
5,TBX4,EYPVIFKSI,0,n.d.,n.d.,,,,,,,,,,,,,,,,,,,,,,,,,,,,,,,,,,,,,,,,,
4,ARHGAP29,FEAEFTQVA,0,n.d.,n.d.,,,,,,,,,,,,,,,,,,,,,,,,,,,,,,,,,,,,,,,,,
2,PCDH1,FLDREQRESY,0,n.d.,n.d.,,,,,,,,,,,,,,,,,,,,,,,,,,,,,,,,,,,,,,,,,
1,PRTG,FLFQDSKKI,0,n.d.,n.d.,,,,,,,,,,,,,,,,,,,,,,,,,,,,,,,,,,,,,,,,,
3,KCNC3,FLLTDYALS,0,n.d.,n.d.,,,,,,,,,,,,,,,,,,,,,,,,,,,,,,,,,,,,,,,,,
4,MGA,FMMPRIVDV,0,n.d.,n.d.,,,,,,,,,,,,,,,,,,,,,,,,,,,,,,,,,,,,,,,,,
4,MGA,FMMPRIVDVT,0,n.d.,n.d.,,,,,,,,,,,,,,,,,,,,,,,,,,,,,,,,,,,,,,,,,
2,BAZ2A,FPAAAFPTA,0,n.d.,n.d.,,,,,,,,,,,,,,,,,,,,,,,,,,,,,,,,,,,,,,,,,
2,BAZ2A,FPAAAFPTAS,0,n.d.,n.d.,,,,,,,,,,,,,,,,,,,,,,,,,,,,,,,,,,,,,,,,,
2,C14orf101a,FPGNQWNPV,0,n.d.,n.d.,,,,,,,,,,,,,,,,,,,,,,,,,,,,,,,,,,,,,,,,,
5,ZFYVE26,FSPGAANLF,0,n.d.,n.d.,,,,,,,,,,,,,,,,,,,,,,,,,,,,,,,,,,,,,,,,,
4,IDH2,FVADWAGTF,0,n.d.,n.d.,,,,,,,,,,,,,,,,,,,,,,,,,,,,,,,,,,,,,,,,,
1,LUM,GIPENSFNV,0,n.d.,n.d.,,,,,,,,,,,,,,,,,,,,,,,,,,,,,,,,,,,,,,,,,
6,TEX2,HLARHRHLM,0,n.d.,n.d.,,,,,,,,,,,,,,,,,,,,,,,,,,,,,,,,,,,,,,,,,
6,TEX2,HLARHRHLM,0,n.d.,n.d.,,,,,,,,,,,,,,,,,,,,,,,,,,,,,,,,,,,,,,,,,
4,ATF7IP,HLYAYHEEL,0,n.d.,n.d.,,,,,,,,,,,,,,,,,,,,,,,,,,,,,,,,,,,,,,,,,
2,PRRC2A,HPAPPAPPPA,0,n.d.,n.d.,,,,,,,,,,,,,,,,,,,,,,,,,,,,,,,,,,,,,,,,,
5,MUC5Bc,HQFHVHPLL,0,n.d.,n.d.,,,,,,,,,,,,,,,,,,,,,,,,,,,,,,,,,,,,,,,,,
5,CASC1,HTHYDYVSAL,0,n.d.,n.d.,,,,,,,,,,,,,,,,,,,,,,,,,,,,,,,,,,,,,,,,,
6,SETBP1,HTLGAASSF,0,n.d.,n.d.,,,,,,,,,,,,,,,,,,,,,,,,,,,,,,,,,,,,,,,,,
6,SETBP1,HTLGAASSFM,0,n.d.,n.d.,,,,,,,,,,,,,,,,,,,,,,,,,,,,,,,,,,,,,,,,,
5,TBX4,IFKSIMRQRL,0,n.d.,n.d.,,,,,,,,,,,,,,,,,,,,,,,,,,,,,,,,,,,,,,,,,
6,SMC4,ISDRFIGIY,0,n.d.,n.d.,,,,,,,,,,,,,,,,,,,,,,,,,,,,,,,,,,,,,,,,,
6,TNS1,ISIQRAQPL,0,n.d.,n.d.,,,,,,,,,,,,,,,,,,,,,,,,,,,,,,,,,,,,,,,,,
6,DNMBP,ISSQPQVPFY,0,n.d.,n.d.,,,,,,,,,,,,,,,,,,,,,,,,,,,,,,,,,,,,,,,,,
2,C14orf101b,ITDAHELGV,0,n.d.,n.d.,,,,,,,,,,,,,,,,,,,,,,,,,,,,,,,,,,,,,,,,,
2,C14orf101b,ITDAHELGVA,0,n.d.,n.d.,,,,,,,,,,,,,,,,,,,,,,,,,,,,,,,,,,,,,,,,,
5,PSMB7,IYLHGSTDKL,0,n.d.,n.d.,,,,,,,,,,,,,,,,,,,,,,,,,,,,,,,,,,,,,,,,,
5,TBX4,KEYPVIFKSI,0,n.d.,n.d.,,,,,,,,,,,,,,,,,,,,,,,,,,,,,,,,,,,,,,,,,
1,ADARB1,KFGDLTNNF,0,n.d.,n.d.,,,,,,,,,,,,,,,,,,,,,,,,,,,,,,,,,,,,,,,,,
3,PRKCG,KIIAYQPYGK,0,n.d.,n.d.,,,,,,,,,,,,,,,,,,,,,,,,,,,,,,,,,,,,,,,,,
1,MECOM,KLFESKAEL,0,n.d.,n.d.,,,,,,,,,,,,,,,,,,,,,,,,,,,,,,,,,,,,,,,,,
1,MECOM,KLFESKAELA,0,n.d.,n.d.,,,,,,,,,,,,,,,,,,,,,,,,,,,,,,,,,,,,,,,,,
3,CRY1,KLNFRLFVI,0,n.d.,n.d.,,,,,,,,,,,,,,,,,,,,,,,,,,,,,,,,,,,,,,,,,
3,CRY1,KLNFRLFVIR,0,n.d.,n.d.,,,,,,,,,,,,,,,,,,,,,,,,,,,,,,,,,,,,,,,,,
4,DHX40c,KQAKVVNPPI,0,n.d.,n.d.,,,,,,,,,,,,,,,,,,,,,,,,,,,,,,,,,,,,,,,,,
4,DHX40c,KQAKVVNPPI,0,n.d.,n.d.,,,,,,,,,,,,,,,,,,,,,,,,,,,,,,,,,,,,,,,,,
2,CDK13,LADFRLARLY,0,n.d.,n.d.,,,,,,,,,,,,,,,,,,,,,,,,,,,,,,,,,,,,,,,,,
1,NLRC4,LFHTFYELL,0,n.d.,n.d.,,,,,,,,,,,,,,,,,,,,,,,,,,,,,,,,,,,,,,,,,
1,NLRC4,LFHTFYELLI,0,n.d.,n.d.,,,,,,,,,,,,,,,,,,,,,,,,,,,,,,,,,,,,,,,,,
5,ZFYVE26,LFSPGAANLF,0,n.d.,n.d.,,,,,,,,,,,,,,,,,,,,,,,,,,,,,,,,,,,,,,,,,
6,DCUN1D4,LLDKFVEWY,0,n.d.,n.d.,,,,,,,,,,,,,,,,,,,,,,,,,,,,,,,,,,,,,,,,,
3,TBC1D14,LLFAPEYGPK,0,n.d.,n.d.,,,,,,,,,,,,,,,,,,,,,,,,,,,,,,,,,,,,,,,,,
1,DCAKD,LLHTELERF,0,n.d.,n.d.,,,,,,,,,,,,,,,,,,,,,,,,,,,,,,,,,,,,,,,,,
1,DCAKD,LLHTELERFL,0,n.d.,n.d.,,,,,,,,,,,,,,,,,,,,,,,,,,,,,,,,,,,,,,,,,
6,TNS1,LPSFRPPTAL,0,n.d.,n.d.,,,,,,,,,,,,,,,,,,,,,,,,,,,,,,,,,,,,,,,,,
6,DTX4,LPVTRKNMPL,0,n.d.,n.d.,,,,,,,,,,,,,,,,,,,,,,,,,,,,,,,,,,,,,,,,,
3,ADAMTS7,LRFNLIANQH,0,n.d.,n.d.,,,,,,,,,,,,,,,,,,,,,,,,,,,,,,,,,,,,,,,,,
5,PIK3R2,MAGPKGFQY,0,n.d.,n.d.,,,,,,,,,,,,,,,,,,,,,,,,,,,,,,,,,,,,,,,,,
6,CADM4,MPAWRTRGA,0,n.d.,n.d.,,,,,,,,,,,,,,,,,,,,,,,,,,,,,,,,,,,,,,,,,
6,CADM4,MPAWRTRGAI,0,n.d.,n.d.,,,,,,,,,,,,,,,,,,,,,,,,,,,,,,,,,,,,,,,,,
5,MED24,MPFTTVSELM,0,n.d.,n.d.,,,,,,,,,,,,,,,,,,,,,,,,,,,,,,,,,,,,,,,,,
4,CCDC66,MTFSSTKDYV,0,n.d.,n.d.,,,,,,,,,,,,,,,,,,,,,,,,,,,,,,,,,,,,,,,,,
5,OVGP1,MTITSRGTTV,0,n.d.,n.d.,,,,,,,,,,,,,,,,,,,,,,,,,,,,,,,,,,,,,,,,,
4,HLA-DQA1,NEVSEVTVF,0,n.d.,n.d.,,,,,,,,,,,,,,,,,,,,,,,,,,,,,,,,,,,,,,,,,
5,COL22A1,NEYAFVTTF,0,n.d.,n.d.,,,,,,,,,,,,,,,,,,,,,,,,,,,,,,,,,,,,,,,,,
2,POLQ,NHDETSFLL,0,n.d.,n.d.,,,,,,,,,,,,,,,,,,,,,,,,,,,,,,,,,,,,,,,,,
1,PRTG,NSKKKWFLF,0,n.d.,n.d.,,,,,,,,,,,,,,,,,,,,,,,,,,,,,,,,,,,,,,,,,
6,NCOA6,NVELRRNVL,0,n.d.,n.d.,,,,,,,,,,,,,,,,,,,,,,,,,,,,,,,,,,,,,,,,,
3,DNASE1L1,NVLSSLVLV,0,n.d.,n.d.,,,,,,,,,,,,,,,,,,,,,,,,,,,,,,,,,,,,,,,,,
5,COL22A1,QGLPNEYAF,0,n.d.,n.d.,,,,,,,,,,,,,,,,,,,,,,,,,,,,,,,,,,,,,,,,,
6,ATP5J2-PTCD1,QLFARARPM,0,n.d.,n.d.,,,,,,,,,,,,,,,,,,,,,,,,,,,,,,,,,,,,,,,,,
5,ZMIZ2,QPPALSPSY,0,n.d.,n.d.,,,,,,,,,,,,,,,,,,,,,,,,,,,,,,,,,,,,,,,,,
3,TLR3,QRLMLRKVAL,0,n.d.,n.d.,,,,,,,,,,,,,,,,,,,,,,,,,,,,,,,,,,,,,,,,,
6,MLL,QTRKNKKLAL,0,n.d.,n.d.,,,,,,,,,,,,,,,,,,,,,,,,,,,,,,,,,,,,,,,,,
6,TP63,QTSIQSPSLY,0,n.d.,n.d.,,,,,,,,,,,,,,,,,,,,,,,,,,,,,,,,,,,,,,,,,
5,GRIN2B,REFDKIELA,0,n.d.,n.d.,,,,,,,,,,,,,,,,,,,,,,,,,,,,,,,,,,,,,,,,,
5,ADCK3,RFANPRDSF,0,n.d.,n.d.,,,,,,,,,,,,,,,,,,,,,,,,,,,,,,,,,,,,,,,,,
3,ZNF234,RIYTGEKPFK,0,n.d.,n.d.,,,,,,,,,,,,,,,,,,,,,,,,,,,,,,,,,,,,,,,,,
3,CRY1,RKLNFRLFVI,0,n.d.,n.d.,,,,,,,,,,,,,,,,,,,,,,,,,,,,,,,,,,,,,,,,,
3,TLR3,RLMLRKVAL,0,n.d.,n.d.,,,,,,,,,,,,,,,,,,,,,,,,,,,,,,,,,,,,,,,,,
3,TLR3,RLMLRKVALK,0,n.d.,n.d.,,,,,,,,,,,,,,,,,,,,,,,,,,,,,,,,,,,,,,,,,
2,CCDC80,RPAARGSRV,0,n.d.,n.d.,,,,,,,,,,,,,,,,,,,,,,,,,,,,,,,,,,,,,,,,,
4,DHX40b,RRNDDKSILM,0,n.d.,n.d.,,,,,,,,,,,,,,,,,,,,,,,,,,,,,,,,,,,,,,,,,
4,DHX40a,RRWSALVIG,0,n.d.,n.d.,,,,,,,,,,,,,,,,,,,,,,,,,,,,,,,,,,,,,,,,,
4,DHX40a,RRWSALVIGL,0,n.d.,n.d.,,,,,,,,,,,,,,,,,,,,,,,,,,,,,,,,,,,,,,,,,
3,ENDOV,RTAPRPGSQK,0,n.d.,n.d.,,,,,,,,,,,,,,,,,,,,,,,,,,,,,,,,,,,,,,,,,
5,PDIA6,RYGIRGFSTI,0,n.d.,n.d.,,,,,,,,,,,,,,,,,,,,,,,,,,,,,,,,,,,,,,,,,
5,MED24,SELMKVSAM,0,n.d.,n.d.,,,,,,,,,,,,,,,,,,,,,,,,,,,,,,,,,,,,,,,,,
1,PRRC2C,SFSSAPMPQI,0,n.d.,n.d.,,,,,,,,,,,,,,,,,,,,,,,,,,,,,,,,,,,,,,,,,
6,EEA1,SIKEITNFK,0,n.d.,n.d.,,,,,,,,,,,,,,,,,,,,,,,,,,,,,,,,,,,,,,,,,
4,DHX40b,SILMHGLVSL,0,n.d.,n.d.,,,,,,,,,,,,,,,,,,,,,,,,,,,,,,,,,,,,,,,,,
3,CASP1,SLHKGSLYPR,0,n.d.,n.d.,,,,,,,,,,,,,,,,,,,,,,,,,,,,,,,,,,,,,,,,,
3,VPS16,SLLRAAFFGK,0,n.d.,n.d.,,,,,,,,,,,,,,,,,,,,,,,,,,,,,,,,,,,,,,,,,
3,DNASE1L1,SLPSNVLSSL,0,n.d.,n.d.,,,,,,,,,,,,,,,,,,,,,,,,,,,,,,,,,,,,,,,,,
3,TLR3,SLQRLMLRKV,0,n.d.,n.d.,,,,,,,,,,,,,,,,,,,,,,,,,,,,,,,,,,,,,,,,,
6,TEX2,SPHLARHRHL,0,n.d.,n.d.,,,,,,,,,,,,,,,,,,,,,,,,,,,,,,,,,,,,,,,,,
5,MAP4K4,SPVLRSHSF,0,n.d.,n.d.,,,,,,,,,,,,,,,,,,,,,,,,,,,,,,,,,,,,,,,,,
2,BAZ2A,SPVTFPAAA,0,n.d.,n.d.,,,,,,,,,,,,,,,,,,,,,,,,,,,,,,,,,,,,,,,,,
4,PATL1,SQFARVPGY,0,n.d.,n.d.,,,,,,,,,,,,,,,,,,,,,,,,,,,,,,,,,,,,,,,,,
4,PATL1,SQFARVPGYV,0,n.d.,n.d.,,,,,,,,,,,,,,,,,,,,,,,,,,,,,,,,,,,,,,,,,
6,DNMBP,SSQPQVPFY,0,n.d.,n.d.,,,,,,,,,,,,,,,,,,,,,,,,,,,,,,,,,,,,,,,,,
4,DHX40a,STTKRRWSAL,0,n.d.,n.d.,,,,,,,,,,,,,,,,,,,,,,,,,,,,,,,,,,,,,,,,,
1,RUSC2,SVGDFSQEF,0,n.d.,n.d.,,,,,,,,,,,,,,,,,,,,,,,,,,,,,,,,,,,,,,,,,
5,MUC5Bb,SYQLYTHPL,0,n.d.,n.d.,,,,,,,,,,,,,,,,,,,,,,,,,,,,,,,,,,,,,,,,,
5,MUC5Ba,SYQRYSHPLF,0,n.d.,n.d.,,,,,,,,,,,,,,,,,,,,,,,,,,,,,,,,,,,,,,,,,
5,FIGN,TALPQSILLF,0,n.d.,n.d.,,,,,,,,,,,,,,,,,,,,,,,,,,,,,,,,,,,,,,,,,
5,FIGN,TALPQSILLF,0,n.d.,n.d.,,,,,,,,,,,,,,,,,,,,,,,,,,,,,,,,,,,,,,,,,
1,DCAKD,TELERFLEY,0,n.d.,n.d.,,,,,,,,,,,,,,,,,,,,,,,,,,,,,,,,,,,,,,,,,
5,CLEC2B,TIIDNIKEM,0,n.d.,n.d.,,,,,,,,,,,,,,,,,,,,,,,,,,,,,,,,,,,,,,,,,
1,NLRC4,TLFHTFYEL,0,n.d.,n.d.,,,,,,,,,,,,,,,,,,,,,,,,,,,,,,,,,,,,,,,,,
1,NLRC4,TLFHTFYELL,0,n.d.,n.d.,,,,,,,,,,,,,,,,,,,,,,,,,,,,,,,,,,,,,,,,,
3,CIT,TLLSQVNKV,0,n.d.,n.d.,,,,,,,,,,,,,,,,,,,,,,,,,,,,,,,,,,,,,,,,,
2,ADM2a,TPAAPTAMA,0,n.d.,n.d.,,,,,,,,,,,,,,,,,,,,,,,,,,,,,,,,,,,,,,,,,
2,ADM2c,TPAHPSQGA,0,n.d.,n.d.,,,,,,,,,,,,,,,,,,,,,,,,,,,,,,,,,,,,,,,,,
2,ADM2c,TPAHPSQGAV,0,n.d.,n.d.,,,,,,,,,,,,,,,,,,,,,,,,,,,,,,,,,,,,,,,,,
6,MLL,TRKNKKLAL,0,n.d.,n.d.,,,,,,,,,,,,,,,,,,,,,,,,,,,,,,,,,,,,,,,,,
6,TP63,TSIQSPSLY,0,n.d.,n.d.,,,,,,,,,,,,,,,,,,,,,,,,,,,,,,,,,,,,,,,,,
1,NLRC4,TTLFHTFYEL,0,n.d.,n.d.,,,,,,,,,,,,,,,,,,,,,,,,,,,,,,,,,,,,,,,,,
1,NLRC4,TTLFHTFYEL,0,n.d.,n.d.,,,,,,,,,,,,,,,,,,,,,,,,,,,,,,,,,,,,,,,,,
1,ACPP,VLAKKLKFV,0,n.d.,n.d.,,,,,,,,,,,,,,,,,,,,,,,,,,,,,,,,,,,,,,,,,
3,DNASE1L1,VLSSLVLVPL,0,n.d.,n.d.,,,,,,,,,,,,,,,,,,,,,,,,,,,,,,,,,,,,,,,,,
2,PRRC2A,VPKEHPAPPA,0,n.d.,n.d.,,,,,,,,,,,,,,,,,,,,,,,,,,,,,,,,,,,,,,,,,
1,ZBED4,VQKVASKIPF,0,n.d.,n.d.,,,,,,,,,,,,,,,,,,,,,,,,,,,,,,,,,,,,,,,,,
1,RUSC2,VSVGDFSQEF,0,n.d.,n.d.,,,,,,,,,,,,,,,,,,,,,,,,,,,,,,,,,,,,,,,,,
6,PDE1C,VVDFKKNLEY,0,n.d.,n.d.,,,,,,,,,,,,,,,,,,,,,,,,,,,,,,,,,,,,,,,,,
4,TNR,WLVDLLPST,0,n.d.,n.d.,,,,,,,,,,,,,,,,,,,,,,,,,,,,,,,,,,,,,,,,,
6,KRIT1,WTNCILHEY,0,n.d.,n.d.,,,,,,,,,,,,,,,,,,,,,,,,,,,,,,,,,,,,,,,,,
6,KRIT1,WTNCILHEY,0,n.d.,n.d.,,,,,,,,,,,,,,,,,,,,,,,,,,,,,,,,,,,,,,,,,
5,CASC1,YDYVSALHPV,0,n.d.,n.d.,,,,,,,,,,,,,,,,,,,,,,,,,,,,,,,,,,,,,,,,,
5,PDIA6,YGIRGFSTI,0,n.d.,n.d.,,,,,,,,,,,,,,,,,,,,,,,,,,,,,,,,,,,,,,,,,
3,GTF3C2,YLLFQNTDL,0,n.d.,n.d.,,,,,,,,,,,,,,,,,,,,,,,,,,,,,,,,,,,,,,,,,
4,MKNK1,YMASEVVEV,0,n.d.,n.d.,,,,,,,,,,,,,,,,,,,,,,,,,,,,,,,,,,,,,,,,,
4,MKNK1,YMASEVVEVF,0,n.d.,n.d.,,,,,,,,,,,,,,,,,,,,,,,,,,,,,,,,,,,,,,,,,
1,PRRC2C,YNSFSSAPM,0,n.d.,n.d.,,,,,,,,,,,,,,,,,,,,,,,,,,,,,,,,,,,,,,,,,
2,JPH1,YTWPSGNIY,0,n.d.,n.d.,,,,,,,,,,,,,,,,,,,,,,,,,,,,,,,,,,,,,,,,,
4,PATL1,YVGSPLAAM,0,n.d.,n.d.,,,,,,,,,,,,,,,,,,,,,,,,,,,,,,,,,,,,,,,,,
6,FAM50B,DMKARQKALV,1,1,0,,,,,,,,,,,,,,,,,,,,,,,,,,,,,,,,,,,,,,,,,
2,DDX3X,FPKKIQMLA,1,1,1,,,,,,,,,,,,,,,,,,,,,,,,,,,,,,,,,,,,,,,,,
5,COL22A1,FPQGLPNEY,1,0,0,,,,,,,,,,,,,,,,,,,,,,,,,,,,,,,,,,,,,,,,,
4,DHX40b,ILMHGLVSL,1,1,0,,,,,,,,,,,,,,,,,,,,,,,,,,,,,,,,,,,,,,,,,
5,FAM200A,IPLSDNTIF,1,1,0,,,,,,,,,,,,,,,,,,,,,,,,,,,,,,,,,,,,,,,,,
1,ACPP,KLKFVTLVF,1,1,0,,,,,,,,,,,,,,,,,,,,,,,,,,,,,,,,,,,,,,,,,
1,ACPP,KLKFVTLVF,1,1,0,,,,,,,,,,,,,,,,,,,,,,,,,,,,,,,,,,,,,,,,,
4,DHX40a,KRRWSALVI,1,1,0,,,,,,,,,,,,,,,,,,,,,,,,,,,,,,,,,,,,,,,,,
6,RALGAPB,LFRIKFKEPL,1,1,0,,,,,,,,,,,,,,,,,,,,,,,,,,,,,,,,,,,,,,,,,
5,COL22A1,LPNEYAFVT,1,1,0,,,,,,,,,,,,,,,,,,,,,,,,,,,,,,,,,,,,,,,,,
5,COL22A1,LPNEYAFVTT,1,1,0,,,,,,,,,,,,,,,,,,,,,,,,,,,,,,,,,,,,,,,,,
3,VPS16,LRAAFFGKCF,1,1,0,,,,,,,,,,,,,,,,,,,,,,,,,,,,,,,,,,,,,,,,,
5,GRIN2B,REFDKIELAY,1,1,0,,,,,,,,,,,,,,,,,,,,,,,,,,,,,,,,,,,,,,,,,
1,DCAKD,RFLEYLPLRF,1,1,0,,,,,,,,,,,,,,,,,,,,,,,,,,,,,,,,,,,,,,,,,
3,CIT,VRTLLSQVNK,1,1,0,,,,,,,,,,,,,,,,,,,,,,,,,,,,,,,,,,,,,,,,,
2,ITGA9,VTEKLQPTY,1,1,0,,,,,,,,,,,,,,,,,,,,,,,,,,,,,,,,,,,,,,,,,
3,CASP1,WRNILLLSLH,1,1,0,,,,,,,,,,,,,,,,,,,,,,,,,,,,,,,,,,,,,,,,,
5,TBX4,YPVIFKSIM,1,1,0,,,,,,,,,,,,,,,,,,,,,,,,,,,,,,,,,,,,,,,,,
,,,,,,,,,,,,,,,,,,,,,,,,,,,,,,,,,,,,,,,,,,,,,,